Measures,Intel,Microsoft,Adobe
Mean,122.92,171.8,114.2
Standard Deviation,16.87187008010671,49.90323970779185,19.276496915501358
Coefficient of Variation,13.725894956155802,29.047287373569176,16.87959449693639
